Time,Open,High,Low,Close,Adj Close,Volume
1,6.5321550369262695,6.556184768676758,6.5321550369262695,6.5321550369262695,1.5366575717926023,55900
2,6.5321550369262695,6.632279872894287,6.524145126342773,6.632279872894287,1.5602117776870728,74500
3,6.632279872894287,6.66431999206543,6.632279872894287,6.632279872894287,1.5602117776870728,80500
